;Unnamed: 0;index;address;cadaster;latitude;longitude;x;y;max_current;public_chargers;home_chargers;0_x;1_x;2_x;3_x;4_x;5_x;6_x;7_x;8_x;9_x;10_x;11_x;12_x;13_x;14_x;15_x;16_x;17_x;18_x;19_x;20_x;21_x;22_x;23_x;0_y;1_y;2_y;3_y;4_y;5_y;6_y;7_y;8_y;9_y;10_y;11_y;12_y;13_y;14_y;15_y;16_y;17_y;18_y;19_y;20_y;21_y;22_y;23_y;0_current;1_current;2_current;3_current;4_current;5_current;6_current;7_current;8_current;9_current;10_current;11_current;12_current;13_current;14_current;15_current;16_current;17_current;18_current;19_current;20_current;21_current;22_current;23_current;total_chargers
0;17;106;15, Kopli, Variku, Tartu linn, Tartu, Tartu linn, Tartu maakond, 50115, Eesti;79509:025:0008;58.348811;26.708916154605266;6470771.329999997;658583.3200000003;100;1.0;1.0;16.5;16.5;16.5;0.0;0.0;0.0;0.0;0.0;0.0;23.7;7.2;0.0;0.0;0.0;0.0;0.0;0.0;7.2;0.0;0.0;0.0;0.0;0.0;0.0;84.36309941741486;87.20365532275477;81.55179798119352;79.85364647848165;85.16128864963683;101.4219699014724;120.30072034163831;117.93694637636835;119.21564383459221;152.0;114.89503676336277;140.7904788120785;133.6152477914533;116.04169096975998;121.86380250281022;112.62546282367191;110.74283311481446;126.41897042947096;98.22125855746503;132.27329712348515;103.48416586692356;101.49723428216794;99.09107811756037;114.84330433829436;100.86309941741486;103.70365532275477;98.05179798119352;79.85364647848165;85.16128864963683;101.4219699014724;120.30072034163831;117.93694637636835;119.21564383459221;175.7;122.09503676336277;140.7904788120785;133.6152477914533;116.04169096975998;121.86380250281022;112.62546282367191;110.74283311481446;133.61897042947095;98.22125855746503;132.27329712348515;103.48416586692356;101.49723428216794;99.09107811756037;114.84330433829436;2.0
1;13;7;15, Ränikivi, Tammelinn, Tartu linn, Tartu, Tartu linn, Tartu maakond, 50403, Eesti;79504:044:0020;58.3628708;26.71139425386149;6472375.3599999985;658641.3999999985;60;1.0;7.0;94.2;28.2;6.6;7.2;0.0;0.0;0.0;16.5;0.0;38.5;7.2;22.0;0.0;7.2;7.2;38.5;0.0;7.2;22.0;7.2;29.2;22.0;29.2;28.6;54.697512569409255;35.803199381961385;69.88086852571575;68.99024511616666;81.61350561672141;47.0809215797526;86.37173179797651;73.68008175655366;77.01414774535279;77.86946624408647;86.60079471961504;74.12148355621392;48.74250543616806;89.57225809070421;83.74855004908069;84.75286655492118;87.9887134960339;85.65130988756911;85.37889652158671;84.40205302777692;89.35796514273741;69.10920216890129;59.46400309946143;63.653380895753706;148.89751256940926;64.00319938196138;76.48086852571575;76.19024511616666;81.61350561672141;47.0809215797526;86.37173179797651;90.18008175655366;77.01414774535279;116.36946624408647;93.80079471961504;96.12148355621392;48.74250543616806;96.77225809070421;90.9485500490807;123.25286655492118;87.9887134960339;92.85130988756912;107.37889652158671;91.60205302777692;118.55796514273742;91.10920216890129;88.66400309946142;92.25338089575371;8.0
2;4;30;64d, Tamme pst, Tammelinn, Tartu linn, Tartu, Tartu linn, Tartu maakond, 50405, Eesti;79504:058:0032;58.35974090000001;26.69869592000256;6471979.510000003;657934.0600000024;160;3.0;5.0;54.0;54.0;16.5;23.1;6.6;13.8;0.0;13.8;0.0;30.3;14.4;7.2;20.4;0.0;13.8;7.2;13.8;6.6;13.8;23.1;6.6;47.4;7.2;30.3;84.43941603767647;122.54532891414075;90.47072640526785;120.79101479440295;80.43039950939442;101.96954736532813;141.58194054737316;149.74952243488875;189.28654255773608;166.8544891826078;132.94912368134442;164.44843843754694;145.19951738797042;190.0;109.28580827444223;146.37043998346547;160.21322775004882;159.4468883378019;141.1639699044963;164.29033894337744;190.0;174.80191576094563;149.99305399302247;154.37858851653715;138.43941603767647;176.54532891414075;106.97072640526785;143.89101479440296;87.03039950939441;115.76954736532812;141.58194054737316;163.54952243488876;189.28654255773608;197.15448918260782;147.34912368134442;171.64843843754693;165.59951738797042;190.0;123.08580827444223;153.57043998346546;174.01322775004883;166.0468883378019;154.9639699044963;187.39033894337743;196.6;222.20191576094564;157.19305399302246;184.67858851653716;8.0
3;29;194;2a, Lubja, Ülejõe, Tartu linn, Tartu, Tartu linn, Tartu maakond, 50303, Eesti;79301:001:0749;58.39019575;26.716788361804;6475398.260000003;658858.0799999982;100;2.0;3.0;33.0;55.0;33.0;0.0;0.0;0.0;0.0;7.2;22.0;29.2;7.2;29.2;29.2;30.9;29.2;7.2;22.0;14.4;16.5;38.5;33.0;16.5;16.5;0.0;95.61885339926704;121.41032991822443;124.23912825842986;172.48595429754022;128.90258716414073;152.2254430581457;165.38041871523757;180.76703719211315;133.76561621450887;140.23529480507722;139.34130781140192;135.44256824985902;109.60757988825969;124.90129407512742;156.64839659508647;170.43218574288514;148.70819341963553;107.17953033148086;171.34774216624237;137.53515095012952;139.05510565567926;162.86351380754758;170.5267744015585;136.50167003502628;128.61885339926704;176.41032991822442;157.23912825842984;172.48595429754022;128.90258716414073;152.2254430581457;165.38041871523757;187.96703719211314;155.76561621450887;169.4352948050772;146.5413078114019;164.642568249859;138.80757988825968;155.80129407512743;185.84839659508646;177.63218574288513;170.70819341963553;121.57953033148087;187.84774216624237;176.03515095012952;172.05510565567926;179.36351380754758;187.0267744015585;136.50167003502628;5.0
4;35;103;59B, Jalaka, Ropka tööstusrajoon, Tartu linn, Tartu, Tartu linn, Tartu maakond, 50109, Eesti;79510:033:0012;58.346659499999994;26.722654;6470566.420000003;659376.7199999988;100;1.0;1.0;22.0;0.0;0.0;0.0;0.0;0.0;13.8;0.0;6.6;13.8;7.2;0.0;0.0;7.2;7.2;0.0;13.8;0.0;0.0;0.0;22.0;0.0;0.0;0.0;117.60530979506952;92.2441090562725;98.27630061524256;103.09643318517924;73.74291737164822;91.2102749632017;135.02862557317584;113.16505003476469;135.29843438873908;102.45022779221678;108.72229047333806;106.80418745132013;115.62019845502869;91.37473243402953;134.9764709289798;96.88059783286978;121.85023391309186;127.98535568309114;117.95224178460913;84.97101047592227;103.48822244861375;102.4939925030935;79.2217287020396;106.50807544952863;139.6053097950695;92.2441090562725;98.27630061524256;103.09643318517924;73.74291737164822;91.2102749632017;148.82862557317586;113.16505003476469;141.89843438873908;116.25022779221678;115.92229047333807;106.80418745132013;115.62019845502869;98.57473243402953;142.1764709289798;96.88059783286978;135.65023391309185;127.98535568309114;117.95224178460913;84.97101047592227;125.48822244861375;102.4939925030935;79.2217287020396;106.50807544952863;2.0
5;25;186;37, Voolu, Variku, Tartu linn, Tartu, Tartu linn, Tartu maakond, 50115, Eesti;79509:019:0001;58.34661750000001;26.70265;6470545.1400000015;658217.0300000012;100;0.0;4.0;72.6;6.6;6.6;0.0;0.0;0.0;0.0;0.0;0.0;0.0;0.0;0.0;0.0;0.0;0.0;0.0;0.0;0.0;22.0;0.0;28.6;22.0;22.0;22.0;57.18053726148307;54.965815591895506;68.76131894590517;70.05048136144549;62.54834402005506;53.02300339677063;76.21689910352164;79.38712940320931;74.49830516050795;69.01407427753463;77.5897300434875;50.97989445301504;83.51819242196052;43.35244192989386;74.85906114077126;72.38463677041925;88.07484130454802;70.81906586450748;91.2102149569211;77.26709417334143;93.71028991939528;69.02990295959414;83.41850089230628;67.63028962876011;129.78053726148306;61.56581559189551;75.36131894590517;70.05048136144549;62.54834402005506;53.02300339677063;76.21689910352164;79.38712940320931;74.49830516050795;69.01407427753463;77.5897300434875;50.97989445301504;83.51819242196052;43.35244192989386;74.85906114077126;72.38463677041925;88.07484130454802;70.81906586450748;113.2102149569211;77.26709417334143;122.31028991939527;91.02990295959414;105.41850089230628;89.63028962876011;4.0
6;6;80;12A, Sepa, Ropka, Tartu linn, Tartu, Tartu linn, Tartu maakond, 96187, Eesti;79510:022:0016;58.350471;26.722082899823164;6470989.73;659324.7100000009;100;0.0;2.0;23.1;23.1;6.6;0.0;16.5;0.0;0.0;0.0;0.0;0.0;0.0;0.0;0.0;0.0;0.0;0.0;0.0;0.0;23.1;0.0;6.6;16.5;6.6;6.6;141.0106857217042;121.47083698681084;114.21279611291634;108.53215735179155;115.91903547576332;107.5900090789346;154.86348631872468;183.1360941004707;142.12209029292018;127.11266305867477;88.17843987477244;151.71428542709077;143.340528685779;172.33133966426647;153.9155077062736;118.59684709765736;153.612455049562;187.91611837802293;100.46588681149609;132.80529963016144;174.24757210084942;126.38861583443735;163.46718126750775;116.38275823294269;164.1106857217042;144.57083698681083;120.81279611291633;108.53215735179155;132.41903547576334;107.5900090789346;154.86348631872468;183.1360941004707;142.12209029292018;127.11266305867477;88.17843987477244;151.71428542709077;143.340528685779;172.33133966426647;153.9155077062736;118.59684709765736;153.612455049562;187.91611837802293;123.56588681149609;132.80529963016144;180.84757210084942;142.88861583443736;170.06718126750775;122.98275823294269;2.0
7;26;29;8, Sirbi kaar, Ropka, Tartu linn, Tartu, Tartu linn, Tartu maakond, 50112, Eesti;79510:035:0012;58.35404250000001;26.72585975;6471417.25;659540.1899999976;160;1.0;0.0;0.0;0.0;0.0;0.0;0.0;0.0;0.0;0.0;0.0;14.4;7.2;14.4;0.0;7.2;7.2;7.2;0.0;0.0;0.0;0.0;0.0;0.0;0.0;0.0;85.79153334631111;102.42047925571009;119.98439508662256;104.52195843181325;90.3569078404605;119.87189411239395;119.68787092678015;113.68264784624748;128.8114656276826;108.22420102616933;93.5130714527961;118.47607541136513;124.28757995243521;135.12715680928832;128.53228326184177;152.0;122.07958959862692;113.04722333583042;128.3438746695548;92.34287197810127;134.3351267962043;85.20643171440184;114.39585518315224;90.78444132112674;85.79153334631111;102.42047925571009;119.98439508662256;104.52195843181325;90.3569078404605;119.87189411239395;119.68787092678015;113.68264784624748;128.8114656276826;122.62420102616933;100.7130714527961;132.87607541136512;124.28757995243521;142.3271568092883;135.73228326184176;159.2;122.07958959862692;113.04722333583042;128.3438746695548;92.34287197810127;134.3351267962043;85.20643171440184;114.39585518315224;90.78444132112674;1.0
